dimension,text_zh,label,source
education,研究生做实验通常更严谨细致。,1,llm_generated
education,研究生写论文的逻辑性普遍更强。,1,llm_generated
education,研究生对专业前沿的了解通常更深。,1,llm_generated
education,研究生在学术讨论中往往更有见解。,1,llm_generated
education,研究生阅读文献的能力通常更出色。,1,llm_generated
education,研究生处理复杂问题的思路更清晰。,1,llm_generated
education,研究生在专业领域的知识储备更丰富。,1,llm_generated
education,研究生通常更具备独立研究的能力。,1,llm_generated
education,研究生的专业知识体系通常更系统。,1,llm_generated
education,研究生对理论模型的掌握一般更牢固。,1,llm_generated
education,研究生的学科基础通常打得更扎实。,1,llm_generated
education,研究生在理论推导方面表现更稳健。,1,llm_generated
education,研究生对核心概念的把握通常更准确。,1,llm_generated
education,研究生的理论功底普遍比较深厚。,1,llm_generated
education,研究生运用理论工具通常更熟练。,1,llm_generated
education,研究生对学术规范的理解通常更透彻。,1,llm_generated
education,本科生的知识面通常比较广。,1,llm_generated
education,本科生在各方面的表现比较平均。,1,llm_generated
education,本科生的兴趣和发展方向更多元。,1,llm_generated
education,本科生通常能兼顾不同领域的学习。,1,llm_generated
education,本科生的能力结构通常比较全面。,1,llm_generated
education,本科生在不同任务上表现比较稳定。,1,llm_generated
education,本科生的综合素质发展比较均衡。,1,llm_generated
education,本科生通常没有特别明显的短板。,1,llm_generated
education,本科生融入新团队的速度通常很快。,1,llm_generated
education,本科生学习新工作流程比较容易。,1,llm_generated
education,本科生对职场环境的适应力不错。,1,llm_generated
education,本科生转换不同角色相对灵活。,1,llm_generated
education,本科生在工作中上手普遍比较快。,1,llm_generated
education,本科生能较快接受公司的文化。,1,llm_generated
education,本科生应对职场变化通常更自如。,1,llm_generated
education,本科生调整工作状态一般很迅速。,1,llm_generated
education,大专生动手操作通常很熟练。,1,llm_generated
education,大专生解决实际技术问题很在行。,1,llm_generated
education,大专生的技能应用能力比较突出。,1,llm_generated
education,大专生完成具体任务通常很利落。,1,llm_generated
education,大专生在实操环节表现往往更好。,1,llm_generated
education,大专生运用工具设备通常很拿手。,1,llm_generated
education,大专生将知识转化为实践的能力强。,1,llm_generated
education,大专生处理现场情况通常很务实。,1,llm_generated
education,大专生动手能力一般都不错。,1,llm_generated
education,读大专的，实践操作通常比较在行。,1,llm_generated
education,大专教育更侧重于培养实际操作技能。,1,llm_generated
education,和大专生比起来，本科生可能更擅长理论。,1,llm_generated
education,很多大专生毕业就能直接上手技术工作。,1,llm_generated
education,大专的课程设置往往更偏向实用技术。,1,llm_generated
education,感觉大专生做技术活会更踏实一些。,1,llm_generated
education,企业招技术工人，常常更愿意要大专生。,1,llm_generated
education,高中生应对考试都有一套自己的方法。,1,llm_generated
education,说到考试，高中生的经验最丰富了。,1,llm_generated
education,经过三年高强度训练，高中生应试水平很高。,1,llm_generated
education,在应试技巧方面，高中生可以说是专家。,1,llm_generated
education,高中生最懂得如何快速提分和应试。,1,llm_generated
education,长期题海战术让高中生特别会考试。,1,llm_generated
education,论考试能力，高中生群体确实很强。,1,llm_generated
education,高中生可能别的方面弱，但考试是强项。,1,llm_generated
education,高中阶段的学习压力是出了名的大。,1,llm_generated
education,现在的高中生，普遍都感觉压力山大。,1,llm_generated
education,高中生面临的压力，主要来自学业。,1,llm_generated
education,提起高中生，第一印象就是学习很辛苦。,1,llm_generated
education,高中三年，是学生时代压力最大的时期。,1,llm_generated
education,高中生几乎没有不觉得学习压力大的。,1,llm_generated
education,高中生每天都被各种考试和作业压着。,1,llm_generated
education,家长期望高，导致高中生普遍压力大。,1,llm_generated
education,学历高的人，做事计划性通常更强。,1,llm_generated
education,读书多的人，更懂得为自己做长远规划。,1,llm_generated
education,高学历群体在人生规划上显得更清晰。,1,llm_generated
education,受过高等教育的人，往往更善于规划未来。,1,llm_generated
education,硕士博士们通常对自己的发展很有规划。,1,llm_generated
education,学历高，意味着更擅长制定和执行计划。,1,llm_generated
education,人们总觉得高学历的人生活更有条理。,1,llm_generated
education,读书读到高层次，规划能力自然就上去了。,1,llm_generated
education,学历低的人，往往很早就出来打工了。,1,llm_generated
education,没怎么读书的人，进入社会的时间更早。,1,llm_generated
education,低学历者通常比大学生更早开始工作。,1,llm_generated
education,很多初中毕业的人，十几岁就步入社会了。,1,llm_generated
education,因为没继续升学，所以他们工作得早。,1,llm_generated
education,低学历群体普遍拥有更长的工龄。,1,llm_generated
education,早早辍学的人，社会经验积累得也早。,1,llm_generated
education,比起高学历者，他们更早接触社会现实。,1,llm_generated
education,他正在攻读博士学位。,0,llm_generated
education,她考上了硕士研究生。,0,llm_generated
education,他目前正在读硕士。,0,llm_generated
education,她正在准备研究生复试。,0,llm_generated
education,他是一名在读研究生。,0,llm_generated
education,她顺利考取了研究生。,0,llm_generated
education,他正在为研究生考试努力。,0,llm_generated
education,她刚刚收到了研究生录取通知书。,0,llm_generated
education,他大学毕业后直接去企业上班了。,0,llm_generated
education,她本科一毕业就找到了工作。,0,llm_generated
education,他读完本科后进入了一家私企。,0,llm_generated
education,她本科毕业后顺利入职。,0,llm_generated
education,他大学毕业后开始了职场生涯。,0,llm_generated
education,她本科毕业就参加了工作。,0,llm_generated
education,他完成本科学业后成了一名上班族。,0,llm_generated
education,她大学毕业后进入公司工作。,0,llm_generated
education,他是大专学历，目前在试用期。,0,llm_generated
education,她大专毕业，正在一家单位见习。,0,llm_generated
education,他读的大专，现在在实习阶段。,0,llm_generated
education,她大专刚毕业，正在实习。,0,llm_generated
education,他是大专生，目前处于实习期。,0,llm_generated
education,她大专文凭，现在在实习岗位上。,0,llm_generated
education,他大专毕业后开始实习。,0,llm_generated
education,她拥有大专学历，目前正在实习。,0,llm_generated
education,这个孩子正在全力备战高考。,0,llm_generated
education,他目前的主要任务就是准备高考。,0,llm_generated
education,她正在为高考做最后的冲刺。,0,llm_generated
education,这名高三学生正在复习迎接高考。,0,llm_generated
education,他现在的生活重心就是高考复习。,0,llm_generated
education,她正在夜以继日地准备高考。,0,llm_generated
education,这个学生把所有时间都花在高考备考上。,0,llm_generated
education,他正处于紧张的高考准备阶段。,0,llm_generated
education,他顺利取得了本科学位。,0,llm_generated
education,她完成了大学本科学业。,0,llm_generated
education,他大学本科毕业了。,0,llm_generated
education,她读完了本科。,0,llm_generated
education,他结束了本科阶段的学习。,0,llm_generated
education,她拿到了本科毕业证书。,0,llm_generated
education,他本科顺利毕业了。,0,llm_generated
education,她完成了四年的本科学业。,0,llm_generated
education,他只有初中文凭。,0,llm_generated
education,她读到高中就出来工作了。,0,llm_generated
education,他的教育程度止步于高中。,0,llm_generated
education,她没上过大学，最高学历是高中。,0,llm_generated
education,他高中毕业就没再读书了。,0,llm_generated
education,她的学业以高中为终点。,0,llm_generated
education,他连高中都没读完。,0,llm_generated
education,她的最高教育水平就是高中毕业。,0,llm_generated
education,他在技校学一门手艺。,0,llm_generated
education,她报读了一个职业培训课程。,0,llm_generated
education,他去了中专学校。,0,llm_generated
education,她在职业学院学习专业技能。,0,llm_generated
education,他选择进入职高。,0,llm_generated
education,她正在接受职业教育。,0,llm_generated
education,他读的是技术学校。,0,llm_generated
education,她在职业院校就读。,0,llm_generated
education,她决定攻读博士学位。,0,llm_generated
education,他考上了研究生。,0,llm_generated
education,她打算出国留学深造。,0,llm_generated
education,他选择了读研。,0,llm_generated
education,她准备继续读硕士。,0,llm_generated
education,他获得了保研资格。,0,llm_generated
education,她计划在学术道路上走得更远。,0,llm_generated
education,他成功申请到了进修项目。,0,llm_generated
education,他拿到了大专毕业证。,0,llm_generated
education,她完成了专科教育。,0,llm_generated
education,他大专顺利毕业了。,0,llm_generated
education,她读的是三年制大专。,0,llm_generated
education,他的学业在大专层次结束。,0,llm_generated
education,她取得了大专学历。,0,llm_generated
education,他读完了大专课程。,0,llm_generated
education,她的最高学历是大专。,0,llm_generated
education,他考上了硕士研究生。,0,llm_generated
education,她成功被研究生院录取。,0,llm_generated
education,他通过了硕士研究生的初试和复试。,0,llm_generated
education,她拿到了研究生录取通知书。,0,llm_generated
education,他考研成功了。,0,llm_generated
education,她获得了研究生入学资格。,0,llm_generated
education,他即将开始研究生阶段的学习。,0,llm_generated
education,她顺利通过了研究生招生考试。,0,llm_generated
